idx,MSE,2011-1,2011-2,2011-3,2011-4,2011-5,2011-6,2011-7,2011-8,2011-9,2011-10,2011-11,2011-12,2012-1,2012-2,2012-3,2012-4,2012-5,2012-6,2012-7,2012-8,2012-9,2012-10,2012-11,2012-12,2013-1,2013-2,2013-3,2013-4,2013-5,2013-6,2013-7,2013-8,2013-9,2013-10,2013-11,2013-12,2014-1,2014-2,2014-3,2014-4,2014-5,2014-6,2014-7,2014-8,2014-9,2014-10,2014-11,2014-12,2015-1,2015-2,2015-3,2015-4,2015-5,2015-6,2015-7,2015-8,2015-9,2015-10,2015-11,2015-12,2016-1,2016-2,2016-3,2016-4,2016-5,2016-6,2016-7,2016-8,2016-9,2016-10,2016-11,2016-12,2017-1,2017-2,2017-3,2017-4,2017-5,2017-6,2017-7,2017-8,2017-9,2017-10,2017-11,2017-12,2018-1,2018-2,2018-3,2018-4,2018-5,2018-6,2018-7,2018-8,2018-9,2018-10,2018-11,2018-12,2019-1,2019-2,2019-3,2019-4,2019-5,2019-6,2019-7,2019-8,2019-9,2019-10,2019-11,2019-12,2020-1,2020-2,2020-3,2020-4,2020-5,2020-6,2020-7,2020-8,2020-9,2020-10,2020-11,2020-12,lon,lat,name
69.0,0.0002314320733772,0.1058040484786033,21.60082054138184,3.895232915878296,12.274862289428713,55.4331169128418,70.03394317626953,193.49075317382807,256.3067321777344,112.79533386230467,12.493452072143556,78.49871063232422,25.111791610717773,1.7137023210525513,2.0944900512695312,23.960384368896484,50.60459899902344,4.318261623382568,57.111122131347656,283.0394287109375,172.4271240234375,77.49745178222656,10.488762855529783,46.26117706298828,42.394866943359375,11.089137077331545,15.39389991760254,11.58180809020996,15.594351768493652,126.49676513671876,52.385963439941406,346.6026916503906,76.21871948242188,48.52392959594727,6.885518550872803,44.524688720703125,0.9041954874992372,1.9092702865600584,20.605443954467773,6.017160415649414,44.39397430419922,59.00573348999024,85.38628387451172,196.80270385742188,136.01499938964844,98.00325012207033,34.31416320800781,37.10438537597656,2.4817380905151367,5.1012282371521,10.29625129699707,13.315837860107422,64.10227966308594,51.114524841308594,118.89319610595705,99.99571228027344,163.505126953125,75.2124252319336,27.497663497924805,85.2966537475586,4.628040790557861,5.679350852966309,27.29462623596192,3.797706842422485,24.20361518859864,57.59477996826172,136.20945739746094,171.704833984375,211.180908203125,28.802366256713867,78.92388153076172,19.980514526367188,32.8538818359375,24.80623817443848,11.093814849853516,25.10825729370117,23.00834083557129,44.38287353515625,94.58892059326172,258.1976928710937,182.3915405273437,59.31257629394531,50.603275299072266,2.998987197875977,1.5943095684051514,7.892557621002197,2.791465282440185,37.69813537597656,48.18544006347656,75.89613342285156,164.6947479248047,214.8661193847656,246.57179260253903,65.41899871826172,14.172037124633787,33.80186462402344,24.991334915161133,6.096491813659668,8.392461776733398,18.212438583374023,39.20286560058594,28.597904205322266,62.90188980102539,174.6077117919922,252.4166412353516,21.51803398132324,28.789411544799805,22.18905258178711,25.72349166870117,37.798133850097656,36.76851272583008,12.903310775756836,25.297950744628903,72.38956451416016,185.1910858154297,276.5815124511719,279.42205810546875,30.804214477539062,10.890746116638184,49.88050079345703,12.608375549316406,118.64,35.78,沂水
78.0,0.0002310700737566,0.2056101560592651,30.800413131713867,8.19532585144043,13.07497215270996,66.33285522460938,79.333740234375,191.190658569336,264.00665283203125,95.39539337158205,18.793249130249023,76.2986831665039,25.811702728271484,2.413732051849365,5.294431686401367,42.06046676635742,46.30451965332031,8.11800479888916,48.31110000610352,270.0399169921875,148.5270233154297,101.09748840332033,11.188782691955566,40.96100997924805,51.49503707885742,10.689260482788086,23.09389877319336,16.881994247436523,16.59442901611328,149.59666442871094,62.88604736328125,271.0029296875,90.71849822998048,77.72383880615234,8.68535041809082,40.02449798583984,0.9043896198272704,3.3090054988861084,32.90510177612305,11.217045783996582,53.89379119873047,61.205509185791016,80.88597106933594,205.0030975341797,162.41529846191406,115.00360870361328,41.31419372558594,43.9044303894043,2.782064199447632,7.4014177322387695,14.296188354492188,24.51579475402832,71.70215606689453,63.41468048095703,138.09365844726562,135.49566650390625,193.4052581787109,83.81253051757812,32.99781799316406,87.99656677246094,5.52797794342041,11.079106330871582,33.09482955932617,6.2975664138793945,35.80353927612305,71.89484405517578,130.90940856933594,233.80487060546875,188.481185913086,53.10213088989258,103.1240463256836,26.38041305541992,41.05353546142578,35.20620346069336,17.193714141845703,27.60840034484864,31.10808563232422,49.78302001953125,109.1889419555664,245.2976531982422,192.69143676757807,86.31255340576172,58.702674865722656,3.399208307266236,2.093945026397705,13.29274559020996,6.791658401489258,46.59819412231445,49.48517227172852,87.0960922241211,128.99461364746094,225.4661560058593,303.4716186523437,71.71864318847656,15.071972846984863,40.8017578125,33.191165924072266,12.796401977539062,14.792523384094238,23.412851333618164,42.20302963256836,28.497791290283203,67.50191497802734,166.80752563476562,253.0168609619141,24.518177032470703,30.18955421447754,21.589080810546875,27.3232364654541,55.69845199584961,45.16874694824219,21.50305938720703,28.89779090881348,70.28959655761719,215.7913360595703,300.68133544921875,240.62161254882807,36.10446548461914,17.29095458984375,49.28080749511719,14.808438301086426,118.35,34.61,郯城
92.0,0.0002326102714551,0.0062704151496291,23.000633239746094,4.593953609466553,11.1753568649292,57.63262939453125,53.43473434448242,118.39051055908205,212.10682678222656,99.29639434814452,20.193012237548828,72.19912719726562,17.511669158935547,2.7128005027771,1.994171380996704,29.360122680664062,43.50473403930664,7.518100261688232,41.81184768676758,224.839599609375,140.7279510498047,66.3973159790039,10.288329124450684,27.661741256713867,37.89418411254883,9.088932991027832,14.795153617858888,8.881396293640137,15.993754386901855,115.7964859008789,35.78557586669922,268.7031555175781,115.41883850097656,36.82398986816406,8.385528564453125,31.22455787658692,0.303968995809555,1.0099798440933228,22.705535888671875,6.316030979156494,42.89408874511719,49.30597686767578,71.58552551269531,116.90242767333984,130.71522521972656,117.10321807861328,31.314180374145508,32.904354095458984,1.9822789430618288,7.601771354675293,8.09704303741455,18.215707778930664,65.70294952392578,62.81355667114258,126.9941635131836,99.79552459716795,188.9051971435547,66.51301574707031,26.69780731201172,77.59703826904297,3.028358459472656,8.279911994934082,25.496143341064453,2.697291374206543,21.8034896850586,59.39474487304688,135.6083984375,201.30548095703125,203.3810272216797,27.702695846557617,88.8244400024414,24.48081016540528,34.65363693237305,21.507009506225582,10.293551445007324,27.9079532623291,23.90764617919922,47.6827507019043,86.38973999023438,195.69705200195312,153.0911102294922,52.91244888305664,52.00378036499024,2.300149440765381,1.6941698789596558,12.092692375183104,3.6910979747772217,31.698463439941406,46.38578414916992,74.3963623046875,121.294189453125,180.7660980224609,271.6722106933594,57.71933364868164,10.371172904968262,34.00077438354492,25.690858840942383,9.097018241882324,7.49287223815918,13.11218547821045,33.60322570800781,16.397907257080078,61.30242156982422,151.6078643798828,273.1155700683594,23.41897392272949,37.689884185791016,18.38979721069336,32.623680114746094,48.49861526489258,33.16802978515625,16.203001022338867,24.49847221374512,48.5892333984375,182.6918334960937,203.88284301757807,178.72325134277344,27.80442237854004,14.390193939208984,40.4796257019043,14.80842399597168,116.65,35.0,鱼台
14.0,0.0002313995773183,0.9057484269142152,15.300766944885254,0.6953323483467102,14.174664497375488,40.13294219970703,54.83391189575195,178.29086303710938,157.20672607421875,80.3958511352539,15.193685531616213,51.49903106689453,10.11189079284668,1.3136752843856812,0.6947559714317322,8.960664749145508,41.40507888793945,6.518335819244385,71.01117706298828,188.2391815185547,167.62741088867188,67.99742126464844,25.588930130004883,37.76154327392578,24.294532775878903,7.488252639770508,10.694073677062988,9.281610488891602,15.694117546081545,47.29723739624024,61.485294342041016,215.0024871826172,78.51864624023438,34.72358703613281,20.58604621887207,20.22464179992676,1.6040308475494385,1.309681057929993,12.106061935424805,2.6172823905944824,25.39484405517578,46.20608901977539,62.38632583618164,150.2020721435547,84.9152603149414,67.30239868164062,20.01413917541504,21.10433578491211,2.5816879272460938,6.400930404663086,12.996320724487305,4.315598487854004,48.50265884399414,38.61467361450195,52.69343566894531,94.79566955566406,127.40497589111328,48.312625885009766,23.69735336303711,55.29623794555664,4.028580665588379,3.7793707847595215,19.3943099975586,2.7982537746429443,17.703826904296875,47.094764709472656,85.80923461914062,162.8050079345703,165.9807586669922,24.002397537231445,47.323978424072266,15.580544471740724,12.85423469543457,9.806004524230955,5.893997669219971,14.108023643493652,18.50871467590332,36.7827377319336,61.48934173583984,146.49749755859375,176.6910858154297,22.112323760986328,46.1033821105957,3.998952388763428,2.09448504447937,4.29237699508667,2.191037893295288,13.997961044311523,39.08612823486328,52.79637145996094,99.89419555664062,149.36611938476562,169.97186279296875,33.21950149536133,18.47186851501465,14.501415252685549,13.19130802154541,1.696832299232483,5.492377758026123,7.712127208709717,29.40254020690918,29.59797477722168,29.501968383789062,108.1076889038086,204.4160003662109,33.917484283447266,23.68938064575196,30.18885612487793,17.32339096069336,15.997602462768556,26.16811180114746,6.503946304321289,21.69817352294922,58.28920364379883,65.79109954833984,149.48187255859375,223.0225372314453,40.10430908203125,15.29013729095459,40.48014831542969,8.008004188537598,118.54,37.59,垦利
45.0,0.0002319891285409,0.1059830337762832,20.70083808898925,3.195024013519287,10.874822616577148,54.33307647705078,61.63411331176758,176.59078979492188,223.30679321289065,112.49562072753906,11.79352855682373,67.99890899658203,24.411771774291992,1.7135626077651978,1.7946196794509888,20.66040229797364,45.7047233581543,4.218229293823242,51.61134338378906,245.23922729492188,154.62754821777344,67.6973648071289,10.388832092285156,42.96154022216797,42.49463653564453,11.188691139221191,15.194091796875,10.18155002593994,14.494138717651367,115.59683227539062,48.1856689453125,313.7025451660156,67.51878356933594,40.82377243041992,7.085759162902832,40.62482452392578,0.9040979146957396,1.3097273111343384,20.005748748779297,4.517061710357666,38.094329833984375,58.20580291748047,78.38616943359375,175.80230712890625,112.01508331298828,86.30290985107422,29.614158630371094,32.20444869995117,2.481661796569824,5.501070976257324,11.296414375305176,9.615842819213867,60.30247497558594,49.51446533203125,96.89337158203124,86.29564666748047,142.5052032470703,67.0125961303711,25.897441864013672,79.09671020507812,4.42839241027832,5.579535961151123,28.59475517272949,2.997835397720337,20.80373954772949,55.89469528198242,125.8092041015625,153.70516967773438,201.3808135986328,23.1024112701416,69.22408294677734,17.880523681640625,31.454145431518555,22.50627517700196,9.993870735168455,24.90793228149414,21.308332443237305,45.3827018737793,83.08929443359375,222.0975036621093,167.19129943847656,47.012351989746094,49.3036003112793,2.3990495204925537,1.7944462299346924,7.092391490936279,2.091302394866944,33.59809875488281,45.885860443115234,75.69634246826172,158.29432678222656,183.16607666015625,206.671875,57.31929016113281,15.271801948547363,28.20148658752441,24.19126510620117,4.596660137176514,7.992506504058838,15.212181091308594,35.502655029296875,28.797910690307617,51.00200653076172,149.60781860351562,230.9161834716797,21.71808242797852,27.18939971923828,22.889083862304688,26.12348175048828,34.898006439208984,37.66811752319336,10.403450012207031,23.998046875,73.0892562866211,147.3912811279297,228.7817840576172,259.922607421875,31.20413589477539,10.690359115600586,48.18026351928711,13.008127212524414,118.53,36.5,临朐
56.0,0.0002324035669747,1.7059849500656128,16.901123046875,1.894995093345642,12.57480525970459,46.733280181884766,100.63440704345705,187.6907653808593,261.1069030761719,118.69602966308594,8.593506813049316,68.99895477294922,19.01198005676269,2.11342191696167,1.9950143098831177,21.260393142700195,74.90474700927734,3.5183706283569336,59.611629486083984,211.33908081054688,195.9280242919922,70.39716339111328,23.78857421875,60.261505126953125,36.19459915161133,8.58853530883789,12.39438247680664,15.981496810913086,21.29384422302246,109.89696502685548,27.58524703979492,315.4024658203125,78.91925811767578,62.923622131347656,4.085657596588135,49.52459716796875,2.1038265228271484,4.2097907066345215,12.305869102478027,2.316845417022705,38.7943229675293,82.80609130859375,49.88641357421875,187.1019592285156,101.31521606445312,83.7025375366211,27.913908004760746,31.804481506347656,2.9816927909851074,10.300941467285156,18.99650382995605,1.915874719619751,70.7027587890625,44.21413040161133,47.69341659545898,65.39545440673828,133.5050811767578,58.51255798339844,36.797489166259766,83.29661560058594,6.228451251983643,2.679635763168335,22.39496612548828,2.8980441093444824,32.50373458862305,73.59461975097656,74.20872497558594,87.30530548095703,136.68069458007812,28.80266189575196,44.12422561645508,13.080705642700195,22.854639053344727,26.30653381347656,6.793708324432373,9.707642555236816,23.508378982543945,38.582855224609375,39.08946990966797,150.2974090576172,282.2914123535156,42.21271133422852,68.40382385253906,3.099349021911621,0.79449063539505,6.792255878448486,2.09108304977417,23.798057556152344,46.88595199584961,90.79634857177734,101.89430236816406,98.66622161865234,227.971923828125,50.61944580078125,22.271738052368164,17.101594924926758,26.89130592346192,2.396763801574707,6.792962551116943,17.211795806884766,40.60280990600586,33.99783706665039,30.701780319213867,81.30780792236328,269.0159606933594,28.717863082885746,18.589275360107425,37.288909912109375,24.223743438720703,23.19794273376465,31.56780433654785,3.7033987045288086,25.198162078857425,114.1891860961914,77.39103698730469,203.3821258544922,379.9229431152344,55.80403518676758,19.290143966674805,67.27983856201172,10.708094596862791,120.71,36.97,莱阳
104.0,0.0002326705578967,0.0062754126265645,18.100679397583008,2.693972587585449,10.275301933288574,44.83251953125,29.33497810363769,93.9904327392578,165.40679931640625,119.49674224853516,23.29291725158692,70.19927215576172,8.0118408203125,2.812424421310425,0.8938789963722229,22.0604248046875,41.205078125,9.418083190917969,32.41163635253906,169.4396514892578,115.02814483642578,50.79737091064453,10.98812484741211,18.261707305908203,20.49372100830078,7.188578605651856,12.095281600952148,4.581342697143555,14.693967819213867,91.29676055908205,36.68534469604492,204.20314025878903,90.71886444091795,25.4239501953125,11.985804557800291,24.524492263793945,0.2041010111570358,1.0101991891860962,16.905494689941406,8.315918922424316,33.29420852661133,46.10619735717773,53.28516387939453,91.80224609375,104.21532440185548,110.3030014038086,24.314193725585938,23.504249572753903,1.6824259757995603,6.50181770324707,6.896757125854492,13.115668296813965,51.20317077636719,60.11322021484375,84.09430694580078,92.39535522460938,163.70484924316406,53.91293716430664,31.89750289916992,64.19683074951172,2.3282978534698486,5.480015277862549,18.0963077545166,3.5972585678100586,23.20328521728516,52.69503402709961,102.90808868408205,203.30548095703125,166.68101501464844,30.20271873474121,79.92455291748047,22.780920028686523,20.253582000732425,10.707107543945312,8.193522453308105,21.80807304382324,22.30747032165528,45.382606506347656,59.68985366821289,146.59678649902344,147.1910400390625,41.51227188110352,51.40408706665039,3.300471067428589,2.093970775604248,8.192678451538086,3.2909858226776123,20.89846420288086,37.38593673706055,67.99632263183594,78.09387969970703,143.46612548828125,198.372314453125,55.81943130493164,11.1712007522583,24.200420379638672,12.39075756072998,5.697164535522461,6.09271764755249,7.4122314453125,29.70313835144043,13.998031616210938,51.40273666381836,120.70782470703124,228.6152801513672,35.6190071105957,43.89026641845703,14.789758682250977,18.32389640808105,29.29843521118164,23.268081665039062,12.603261947631836,21.49848747253418,45.78914260864258,110.3919677734375,145.08331298828125,161.4237060546875,33.90457534790039,18.49011611938477,35.079593658447266,8.708403587341309,115.5,35.57,鄄城
50.0,0.0002319342395206,0.9060100317001344,18.80068588256836,1.994903802871704,8.47482681274414,45.63288116455078,58.03413772583008,141.09083557128906,190.50672912597656,94.79592895507812,9.193520545959473,60.99892044067383,19.811824798583984,1.6134406328201294,1.594700574874878,14.760564804077148,42.60491180419922,4.8183135986328125,46.21140670776367,199.03921508789065,141.92774963378906,59.59732818603516,11.888749122619627,40.2615852355957,38.39453506469727,10.688457489013672,15.094329833984377,10.681479454040527,15.29409408569336,94.69686889648438,43.08537673950195,280.0026550292969,63.71878433227539,28.92367553710937,7.185944557189941,34.02467346191406,0.90397047996521,1.109911561012268,17.8057861328125,3.216942310333252,30.89455223083496,51.50596618652344,66.5860595703125,153.80209350585938,91.81529998779295,69.80261993408203,24.014190673828125,27.204421997070312,2.481820583343506,5.70106315612793,12.296545028686523,6.215628147125244,53.80269241333008,43.114253997802734,72.093505859375,78.59554290771484,124.60511779785156,54.112735748291016,23.897443771362305,69.79647064208984,4.12861442565918,4.979599952697754,26.89496612548828,2.597900390625,18.203744888305664,49.6948356628418,105.00904083251952,138.70516967773438,180.1808624267578,19.20241928100586,55.62418746948242,16.080598831176758,25.254121780395508,17.50634002685547,8.293810844421387,20.707881927490234,19.408344268798828,40.982669830322266,67.58953857421875,179.9973907470703,154.591064453125,33.5123291015625,46.403587341308594,2.499189853668213,1.8944295644760127,5.892420768737793,1.8911619186401367,25.298139572143555,41.18609237670898,66.39642333984375,133.29421997070312,150.3660888671875,174.0719757080078,44.51947021484375,16.271631240844727,22.201196670532227,20.691211700439453,3.096765518188477,7.192572116851807,11.312169075012209,30.70269012451172,26.29797744750977,38.30208587646485,122.30780029296876,207.01583862304688,22.31800842285156,24.08957290649414,24.08907890319824,23.523576736450195,27.49792861938477,34.86799240112305,7.803553581237793,22.09821891784668,65.28913116455078,104.99134826660156,181.482177734375,231.4227600097656,31.10419654846192,11.790170669555664,45.07994079589844,11.808188438415527,118.83,36.69,昌乐
108.0,0.0002325830698188,0.2063259929418563,21.100601196289062,4.693795680999756,10.67531967163086,50.432525634765625,45.63492965698242,90.39039611816406,155.206787109375,128.39695739746094,26.692859649658203,71.49929809570312,8.811798095703125,3.512392997741699,1.3938511610031128,30.06048011779785,42.10511016845703,12.11807632446289,35.91170883178711,193.539794921875,119.72826385498048,55.49733352661133,11.28799533843994,17.561695098876953,19.49373817443848,6.388746738433838,12.795459747314451,6.681318283081055,18.893856048583984,105.29669189453124,34.38528060913086,171.00318908691406,108.61888122558594,33.02397537231445,11.785774230957031,25.824424743652344,0.3040580749511719,1.2101783752441406,19.905536651611328,8.915844917297363,40.29417419433594,51.7061882019043,56.58517074584961,85.00236511230469,110.41536712646484,133.20310974121094,27.61409378051757,25.90418243408203,1.6824828386306765,7.901905059814453,6.596877098083496,18.21564292907715,59.30322647094727,69.31304931640625,107.0943832397461,90.99537658691406,170.90480041503906,57.512977600097656,34.09772872924805,66.996826171875,2.428220510482788,6.38014030456543,20.59649085998535,3.797135353088379,25.503318786621094,60.09496307373047,119.00798034667967,197.005599975586,162.68112182617188,35.902809143066406,89.02462005615234,24.780874252319336,23.353530883789062,14.907214164733888,9.493392944335938,24.80814552307129,23.907371520996094,50.28266525268555,67.9898910522461,142.2967071533203,153.09100341796875,53.51229095458984,54.80402755737305,3.200602769851685,1.7938941717147827,11.092782974243164,4.190932750701904,26.49853706359864,41.685848236083984,79.19629669189453,85.19384765625,137.16619873046875,220.1724395751953,64.31942749023438,9.771195411682127,27.40032386779785,15.390748023986816,8.297162055969238,7.392817497253418,10.312222480773926,31.50332832336425,13.59809112548828,63.90264892578125,122.70784759521484,246.11520385742188,34.119117736816406,46.990352630615234,14.089811325073242,20.82388496398925,37.69855499267578,27.16808319091797,15.303223609924316,23.09854888916016,48.689186096191406,143.991943359375,152.9834747314453,151.7236328125,35.404544830322266,19.390113830566406,35.079444885253906,9.808560371398926,115.08,35.31,东明
70.0,0.0002310372394823,0.1056635230779647,28.50090217590332,6.095242977142334,11.37490940093994,60.93336868286133,91.33382415771484,227.9906768798828,275.60650634765625,123.29515075683594,13.493422508239746,89.49859619140625,29.011850357055664,1.913799524307251,4.2948317527771,37.06014251708984,51.004486083984375,4.218433380126953,59.01114273071289,267.5394592285156,177.2270050048828,96.09732818603516,10.288738250732422,58.06101608276367,47.39512252807617,9.589570045471191,16.593908309936523,16.082033157348633,17.794418334960938,147.49658203125,49.38621520996094,266.10260009765625,76.91893005371094,74.2240219116211,5.485174179077148,49.02434539794922,0.5041518807411194,5.108713626861572,26.50529861450196,8.417169570922852,53.09347915649414,66.80596160888672,82.98644256591797,209.3029327392578,157.61480712890625,121.103271484375,41.114070892333984,45.60440826416016,2.781977415084839,6.701160430908203,12.89634895324707,17.6157169342041,70.00222778320312,55.81431579589844,128.19300842285156,106.89586639404295,176.5052490234375,91.6124496459961,33.29825973510742,97.79668426513672,5.927939414978027,8.179125785827637,31.694725036621094,4.99770975112915,32.30363464355469,66.2945785522461,131.60960388183594,180.00482177734375,199.080795288086,46.80257797241211,94.22383880615234,23.68036842346192,40.35432434082031,38.90626525878906,15.093634605407717,24.10833549499512,26.708383560180664,46.38312530517578,100.2886734008789,254.59786987304688,210.5917358398437,87.51311492919922,57.60293197631836,3.398914098739624,1.594275951385498,11.692684173583984,4.3916015625,44.69805145263672,50.78509140014648,86.09617614746094,152.2952423095703,213.8662109375,280.4715881347656,83.61875915527344,14.77200984954834,40.8022575378418,31.39147186279297,10.59635066986084,12.192604064941406,23.21239852905273,44.30338668823242,32.0977897644043,69.70165252685547,167.30780029296875,259.0170593261719,23.51775550842285,29.689208984375,23.389110565185547,29.32345962524414,53.79835891723633,44.36875534057617,15.603249549865724,27.29808235168457,83.08978271484375,207.19091796875,300.1813049316406,306.3217468261719,37.50410079956055,13.090815544128418,56.98054885864258,13.908533096313477,119.46,35.42,日照
87.0,0.000232907910699,0.0064761526882648,18.900779724121094,2.8938558101654053,11.075362205505373,55.23261260986328,47.03498840332031,124.7905502319336,199.9068603515625,104.59640502929688,20.393016815185547,69.79905700683594,12.61170768737793,2.312619209289551,1.094153642654419,21.860076904296875,41.804786682128906,6.818219184875488,42.31195068359375,214.73936462402344,141.2281036376953,60.79728317260742,11.688251495361328,25.761823654174805,33.39398956298828,10.088800430297852,14.195280075073242,6.081365585327148,15.693692207336426,89.89653015136719,42.28559112548828,299.0032043457031,114.01889038085938,22.823957443237305,10.385577201843262,29.92462539672852,0.5038228631019592,0.7101646065711975,18.60555076599121,4.8159027099609375,38.49415588378906,44.706085205078125,70.98550415039062,115.50220489501952,129.51527404785156,105.7030792236328,29.91427230834961,31.00439643859864,1.6822574138641355,6.20174503326416,6.897172451019287,14.415684700012209,61.00314712524414,55.7133674621582,118.99412536621094,94.0955581665039,190.00526428222656,62.11296844482422,25.197742462158203,75.09700775146484,2.4284050464630127,6.780055999755859,21.9963436126709,1.9973764419555664,18.50347328186035,52.69474411010742,133.00823974609375,193.20558166503903,217.0809020996093,22.202754974365234,84.9244384765625,22.68085479736328,29.35366439819336,17.507204055786133,8.293681144714355,25.107696533203125,21.50766944885254,43.482666015625,83.08989715576172,196.49693298339844,153.6910400390625,45.11249923706055,50.604042053222656,1.900253415107727,1.394271731376648,9.49264907836914,2.5909907817840576,27.298519134521484,43.68587493896485,66.89636993408203,124.994140625,179.36607360839844,270.9722900390625,52.4195442199707,10.571120262145996,31.90072631835937,21.490886688232425,6.797122478485107,5.992964267730713,10.812085151672363,31.10317039489746,15.397957801818848,56.60251998901367,150.60784912109375,280.2152404785156,21.41904830932617,36.58995819091797,18.29000663757324,28.42381858825684,39.798458099365234,28.36786460876465,13.30292510986328,22.698644638061523,45.08917236328125,171.49191284179688,196.7831268310547,189.4236755371093,25.304428100585938,13.190108299255373,39.579498291015625,12.808295249938965,116.8,35.76,宁阳
11.0,0.000231300261289,0.2060287743806839,29.800212860107425,7.894755840301514,12.775306701660156,66.13256072998047,67.43421936035156,150.09056091308594,253.0066375732422,92.69618225097656,21.29290771484375,78.39884185791016,28.311935424804688,3.213130712509156,4.49425220489502,41.06050491333008,43.4045524597168,9.41814136505127,43.31143951416016,285.0400390625,142.92752075195312,95.39746856689452,11.388145446777344,38.16118240356445,52.69460678100586,11.08936595916748,20.39472007751465,15.88174819946289,16.89413070678711,146.99636840820312,55.48567581176758,275.8033447265625,106.6185531616211,74.72401428222656,7.885433673858643,41.32419204711914,1.004406452178955,2.609437227249145,32.90499496459961,10.416399002075195,52.59362411499024,59.505615234375,80.9854736328125,185.80288696289065,151.4156036376953,115.00349426269533,40.41415023803711,43.704551696777344,2.582527875900269,7.901740550994873,13.39649772644043,25.015548706054688,73.30252838134766,67.2137680053711,141.69410705566406,131.1956329345703,191.00498962402344,79.31269073486328,31.998083114624023,90.69661712646484,5.128026008605957,11.379499435424805,33.59592819213867,5.297229290008545,32.903343200683594,72.59497833251953,137.0087890625,238.1050720214844,190.08132934570312,46.002471923828125,106.42449188232422,27.68065452575684,43.35340881347656,33.006744384765625,16.19338035583496,30.30837821960449,30.40772247314453,51.88291549682617,108.1892547607422,238.99737548828125,175.29124450683594,76.91255950927734,59.80281829833984,2.900163173675537,1.993767261505127,13.992965698242188,6.191405296325684,45.59854507446289,50.38521957397461,87.69609832763672,130.29454040527344,222.4662475585937,295.1720886230469,66.01885986328125,14.071613311767578,41.80095672607422,34.49089050292969,12.596689224243164,13.492836952209473,21.5127010345459,40.80341720581055,25.2977352142334,65.80223846435547,166.10745239257812,254.01611328125,23.11876106262207,33.08998107910156,21.989408493041992,31.523494720458984,58.29870223999024,44.868690490722656,22.002939224243164,28.59820938110352,65.28945922851562,216.5917816162109,283.78228759765625,213.3224639892578,32.70463180541992,17.190601348876953,49.38027572631836,16.308713912963867,117.57,34.86,枣庄
28.0,0.0002320620091691,0.1061990708112716,11.90064811706543,0.8943873643875122,10.675163269042969,40.43257522583008,48.0345344543457,138.89060974121094,195.7067413330078,89.99627685546875,14.69332504272461,45.89903259277344,4.311802864074707,1.512964129447937,0.2941726148128509,10.660442352294922,51.40517807006836,8.318191528320312,61.91167831420898,217.2391662597656,117.1278305053711,61.09732437133789,8.888581275939941,24.0617733001709,14.094039916992188,7.788362503051758,9.5946683883667,2.581479787826538,17.393983840942383,48.39702987670898,76.78539276123047,297.9028625488281,98.71875762939452,33.12388610839844,10.285951614379885,15.324644088745115,0.3038372993469238,0.1100711151957511,12.505661010742188,3.116362810134888,27.094539642333984,36.50608825683594,72.28550720214844,112.70206451416016,93.71538543701172,85.90260314941406,16.61440086364746,17.40430450439453,0.4822252094745636,4.301479339599609,8.896782875061035,5.615472793579102,53.00303268432617,43.91383361816406,59.09395217895508,90.6955337524414,163.30503845214844,60.71283721923828,19.79738998413086,58.396671295166016,1.6285752058029177,3.5797879695892334,16.59564208984375,0.8977842330932617,16.203510284423828,41.39482879638672,103.40861511230467,253.105209350586,218.8807830810547,22.70248794555664,75.72428131103516,17.180816650390625,9.35380744934082,4.6067728996276855,5.993903636932373,18.00774383544922,18.30814552307129,38.38255310058594,77.48979949951172,158.2970733642578,163.5909423828125,13.01231288909912,40.50381851196289,0.4998353719711303,1.0942590236663818,3.092451333999634,0.5910682082176208,11.998311042785645,46.68605422973633,42.39628601074219,95.6938934326172,208.5660400390625,185.6719665527344,34.919471740722656,10.67137622833252,14.600640296936035,4.990916728973389,1.09710693359375,3.392686367034912,2.7121059894561768,36.402870178222656,25.997947692871094,25.602602005004883,113.70779418945312,218.2153167724609,45.41849899291992,33.6898193359375,26.789596557617188,11.62348747253418,17.798017501831055,22.06796264648437,8.903279304504395,22.298397064208984,43.989105224609375,71.59175872802734,122.98274993896484,215.12335205078125,36.90449905395508,8.890084266662598,33.87971115112305,4.5082550048828125,116.08,37.2,武城
57.0,0.0002325721990963,1.7060273885726929,16.801069259643555,1.09506356716156,12.074718475341797,46.23308563232422,99.93445587158205,184.3908843994141,230.70700073242188,118.69619750976562,9.193473815917969,70.39897155761719,19.8118953704834,2.213434934616089,1.5949548482894895,19.16045570373535,71.70486450195312,3.318245887756348,60.111595153808594,193.23904418945312,179.12815856933594,67.39714050292969,26.888641357421875,62.36158752441406,40.29449462890625,10.088364601135254,13.994366645812988,14.781442642211914,21.393686294555664,87.89701843261719,28.88519859313965,286.80242919921875,75.91902160644531,54.02350616455078,5.485684871673584,50.6246452331543,2.803793907165528,2.9099690914154053,12.005974769592283,2.6168131828308105,33.99464416503906,76.4060287475586,48.686302185058594,173.70188903808594,96.415283203125,80.60247039794922,28.81386375427246,31.504432678222656,3.981635093688965,11.200910568237305,20.296504974365234,2.115939378738404,64.00276184082031,41.8143196105957,46.09359359741211,68.39545440673828,133.20521545410156,55.612548828125,38.29733657836914,81.4966049194336,7.628536224365234,2.97973108291626,21.894895553588867,3.2981202602386475,30.4038028717041,70.09459686279297,70.40858459472656,85.30541229248047,123.28070831298828,29.602588653564453,41.32432556152344,14.180794715881348,24.45448875427246,24.106563568115234,6.5939249992370605,8.507467269897461,22.608436584472656,35.48275375366211,36.889774322509766,133.69723510742188,267.79132080078125,38.812538146972656,71.30392456054688,4.499456882476807,1.3943767547607422,7.092129707336426,2.690946578979492,20.39805793762207,41.6861686706543,82.6964111328125,92.09405517578124,88.36601257324219,224.37185668945312,45.91950607299805,24.3718490600586,16.901473999023438,31.591127395629883,2.496920824050904,6.792917251586914,16.211843490600586,36.20248031616211,30.897932052612305,29.601837158203125,74.2077407836914,259.01568603515625,32.018001556396484,19.28936195373535,39.78898620605469,28.823610305786133,20.79768180847168,30.36754035949707,3.9033353328704834,23.698131561279297,105.08895874023438,71.3910903930664,184.18218994140625,342.7230834960937,58.50421524047852,22.490129470825195,67.77987670898438,12.807846069335938,120.83,37.28,栖霞
42.0,0.0002325668786692,1.506133794784546,20.001033782958984,2.194931745529175,8.874795913696289,46.233211517333984,64.63445281982422,139.09088134765625,211.6069183349609,102.19593048095705,9.493459701538086,67.19892883300781,22.21177101135254,1.8132835626602173,1.994827389717102,16.760387420654297,49.20489883422852,4.718222618103027,46.21160507202149,193.4390106201172,157.02810668945312,70.39712524414062,14.288653373718262,50.76156234741211,39.2944564819336,11.48848819732666,14.794351577758787,13.081499099731444,17.593841552734375,98.19695281982422,38.985328674316406,269.1025390625,66.81903839111328,37.52353286743164,6.08575439453125,41.42476272583008,0.9038596153259276,3.409902811050415,17.205957412719727,2.2167935371398926,33.29458999633789,63.506004333496094,61.386260986328125,159.30186462402344,92.01530456542967,78.70269012451172,25.41391944885254,30.90442276000977,2.5814926624298096,8.100998878479004,16.796649932861328,3.815934658050537,62.30278015136719,44.71426773071289,61.693580627441406,66.9954833984375,128.80520629882812,57.91260528564453,29.99731636047364,82.89669036865234,4.928502082824707,4.679641246795654,28.39499282836914,2.1978983879089355,22.303760528564453,59.39463424682617,97.6086883544922,113.90540313720705,173.68069458007812,20.80259895324707,53.12431335449219,16.080642700195312,25.95441055297852,22.006622314453125,7.893894672393799,17.907516479492188,21.10820770263672,41.78269958496094,56.78971099853516,159.79721069335938,198.191146850586,35.21253204345703,59.10397338867188,2.099428176879883,1.2944658994674685,6.592172622680664,1.6909923553466797,25.49804878234864,44.88611602783203,77.7964096069336,128.5940704345703,121.1661605834961,192.97183227539065,47.5195426940918,19.67169570922852,21.50154495239257,24.89127349853516,2.596727132797241,7.493014335632324,13.211936950683594,34.30260467529297,28.497976303100582,33.001861572265625,98.5076904296875,235.11575317382807,24.71805191040039,22.98942947387696,31.789081573486328,26.023706436157227,28.89792823791504,37.56767654418945,5.803241729736328,23.59814643859864,83.2891845703125,93.09114074707033,177.78211975097656,284.9228210449219,41.104103088378906,15.090217590332031,58.67998504638672,12.407901763916016,119.97,36.77,平度
96.0,0.0002326102714551,0.0062704151496291,23.000633239746094,4.593953609466553,11.1753568649292,57.63262939453125,53.43473434448242,118.39051055908205,212.10682678222656,99.29639434814452,20.193012237548828,72.19912719726562,17.511669158935547,2.7128005027771,1.994171380996704,29.360122680664062,43.50473403930664,7.518100261688232,41.81184768676758,224.839599609375,140.7279510498047,66.3973159790039,10.288329124450684,27.661741256713867,37.89418411254883,9.088932991027832,14.795153617858888,8.881396293640137,15.993754386901855,115.7964859008789,35.78557586669922,268.7031555175781,115.41883850097656,36.82398986816406,8.385528564453125,31.22455787658692,0.303968995809555,1.0099798440933228,22.705535888671875,6.316030979156494,42.89408874511719,49.30597686767578,71.58552551269531,116.90242767333984,130.71522521972656,117.10321807861328,31.314180374145508,32.904354095458984,1.9822789430618288,7.601771354675293,8.09704303741455,18.215707778930664,65.70294952392578,62.81355667114258,126.9941635131836,99.79552459716795,188.9051971435547,66.51301574707031,26.69780731201172,77.59703826904297,3.028358459472656,8.279911994934082,25.496143341064453,2.697291374206543,21.8034896850586,59.39474487304688,135.6083984375,201.30548095703125,203.3810272216797,27.702695846557617,88.8244400024414,24.48081016540528,34.65363693237305,21.507009506225582,10.293551445007324,27.9079532623291,23.90764617919922,47.6827507019043,86.38973999023438,195.69705200195312,153.0911102294922,52.91244888305664,52.00378036499024,2.300149440765381,1.6941698789596558,12.092692375183104,3.6910979747772217,31.698463439941406,46.38578414916992,74.3963623046875,121.294189453125,180.7660980224609,271.6722106933594,57.71933364868164,10.371172904968262,34.00077438354492,25.690858840942383,9.097018241882324,7.49287223815918,13.11218547821045,33.60322570800781,16.397907257080078,61.30242156982422,151.6078643798828,273.1155700683594,23.41897392272949,37.689884185791016,18.38979721069336,32.623680114746094,48.49861526489258,33.16802978515625,16.203001022338867,24.49847221374512,48.5892333984375,182.6918334960937,203.88284301757807,178.72325134277344,27.80442237854004,14.390193939208984,40.4796257019043,14.80842399597168,116.97,35.39,邹县
73.0,0.0002318245155013,0.1062782183289527,26.400373458862305,4.8944525718688965,13.57534885406494,65.73262023925781,67.03457641601562,172.79054260253906,264.3067626953125,115.59624481201172,16.992910385131836,75.99895477294922,26.71184730529785,2.1129212379455566,2.9942610263824463,30.3603630065918,48.70458221435547,5.218235969543457,49.41169357299805,256.2397766113281,161.22787475585938,87.99727630615234,11.88813591003418,37.26151657104492,45.894412994384766,10.089157104492188,17.194843292236328,12.88156795501709,15.99396800994873,142.59640502929688,43.3856086730957,322.4032897949219,103.81867218017578,49.4240608215332,7.285592079162598,39.42437744140625,0.6042033433914185,1.709864377975464,26.305095672607425,7.816210269927978,48.793758392333984,60.20573043823242,84.28539276123047,176.60260009765625,149.11544799804688,114.8033676147461,40.114219665527344,38.204532623291016,2.582444190979004,6.801746368408203,11.296714782714844,19.415637969970703,70.30271911621094,63.61352157592773,135.69403076171875,114.99567413330078,190.6050262451172,81.01276397705078,30.49795722961425,83.89686584472656,4.628191947937012,8.67979907989502,30.296215057373047,4.197205543518066,26.70347213745117,67.59490966796875,140.6085968017578,205.5052185058593,212.6812286376953,34.90254211425781,99.62449645996094,23.380699157714844,38.45360565185547,28.00694465637207,13.293497085571287,28.60808563232422,26.60769844055176,50.58272933959961,101.08949279785156,249.7972717285156,173.59127807617188,67.1124267578125,58.60336685180664,2.900219678878784,1.893972635269165,11.49279499053955,4.291309833526611,39.59854507446289,50.385501861572266,83.19618225097656,145.9944305419922,221.86618041992188,289.5721740722656,66.71906280517578,14.37149143218994,37.20083618164063,29.690860748291016,9.396798133850098,9.892961502075195,18.91243553161621,40.103309631347656,25.89781951904297,64.80241394042969,175.80760192871094,270.61572265625,23.519086837768555,35.38997268676758,20.989545822143555,31.22362518310547,50.19858551025391,40.268402099609375,17.70284080505371,27.398313522338867,66.88929748535156,206.2918395996093,272.0826110839844,233.6228790283203,31.40452003479004,14.790443420410156,46.08000564575195,15.208610534667969,117.63,35.49,平邑
81.0,0.0002322223032,0.106434091925621,17.900623321533203,2.3943259716033936,11.47519874572754,59.232696533203125,52.9345932006836,162.39064025878906,244.80670166015625,116.09627532958984,17.093244552612305,71.89897918701172,16.811708450317383,1.5128917694091797,1.1942826509475708,18.66031646728516,40.90478515625,5.018300533294678,45.41180419921875,218.2391662597656,161.62796020507812,70.79729461669922,13.088403701782228,32.2618522644043,35.094215393066406,9.488601684570312,13.99490737915039,7.581434726715088,14.693808555603027,101.5966567993164,48.18552017211914,332.5030517578125,108.0187759399414,25.92386817932129,9.885811805725098,34.82463073730469,0.7039035558700562,0.6101852059364319,18.505577087402344,4.016247749328613,37.19438171386719,50.40599060058594,80.78558349609375,143.60214233398438,140.01535034179688,102.00283813476562,33.114402770996094,33.00437927246094,1.6821640729904177,5.00152587890625,7.996988773345947,12.21555519104004,60.70303726196289,55.51369857788086,116.79396057128906,92.49561309814452,197.2053375244141,70.81289672851562,25.59767341613769,80.39679718017578,2.7284860610961914,5.979900360107422,23.796022415161133,1.797552227973938,17.30352210998535,55.794830322265625,139.40847778320312,185.40545654296875,253.18093872070312,20.80256462097168,89.12443542480469,21.3807315826416,28.153728485107425,17.206918716430664,8.393768310546875,25.90764045715332,20.707927703857425,46.582637786865234,90.88982391357422,222.69699096679688,171.29100036621094,45.712432861328125,54.50386047363281,1.5999201536178589,1.2942842245101929,7.492615699768066,1.9910881519317627,29.198387145996094,44.98597717285156,71.496337890625,151.694091796875,198.1660614013672,285.3721923828125,55.31954956054688,13.47130012512207,32.30064392089844,20.89097785949707,4.997026443481445,5.992860794067383,11.61219596862793,32.5030632019043,21.497941970825195,52.40245056152344,159.0078125,297.8152770996094,21.81870460510254,35.48988342285156,21.589693069458008,25.62363815307617,35.198238372802734,30.76790809631348,12.203097343444824,22.99858665466309,55.98905944824219,172.891845703125,216.98291015625,244.1233673095703,27.2043514251709,11.89010524749756,44.17962265014648,12.208394050598145,117.13,36.18,泰安
7.0,0.0002312275436692,1.305819034576416,26.200870513916016,4.695550918579102,10.17477321624756,54.13348007202149,90.93391418457033,194.69081115722656,251.3064422607422,130.19528198242188,11.59325122833252,79.29862213134766,27.811912536621094,1.9136648178100584,3.594922065734864,30.260395050048828,53.20452499389648,4.518481254577637,55.5112190246582,234.23944091796875,168.4271240234375,88.79756164550781,14.18838882446289,60.760963439941406,46.69503021240234,9.989663124084473,16.094127655029297,18.38201141357422,18.69436454772949,139.6965789794922,44.88609313964844,260.6025085449219,59.41868209838867,60.92383575439453,5.185033321380615,48.52416229248047,0.6043187975883484,5.408706188201904,23.205472946166992,5.1171650886535645,47.59350204467773,71.90591430664062,75.68643951416016,185.9027862548828,125.01504516601562,112.30313873291016,37.91390228271485,41.404483795166016,2.381850481033325,6.501156806945801,13.396323204040527,11.31575870513916,68.80244445800781,53.21417617797852,102.39290618896484,74.09590148925781,143.70535278320312,86.21239471435547,32.39833450317383,98.99646759033205,5.627853393554688,5.879168510437012,32.894874572753906,3.0977461338043213,26.603694915771484,65.19463348388672,122.00943756103516,131.4049835205078,193.4807586669922,32.10270309448242,85.12415313720703,19.380279541015625,39.15427780151367,36.40624237060547,12.893599510192873,24.00821685791016,22.508394241333008,47.183082580566406,81.48873901367188,226.497787475586,197.7917022705078,70.51325225830078,58.7030143737793,1.7991185188293457,1.0942233800888062,9.492660522460938,2.191334009170532,42.29799270629883,51.08505630493164,89.29618072509766,158.5951385498047,177.86627197265625,226.87161254882807,79.01886749267578,15.17204761505127,35.002254486083984,30.29135513305664,6.996407508850098,10.092745780944824,21.01235008239746,42.80342483520508,33.89780807495117,56.401649475097656,143.0076141357422,241.7169189453125,20.71758460998535,28.88925552368164,25.289077758789062,29.123624801635746,48.398231506347656,45.86878204345703,11.00336742401123,25.29825019836425,94.28983306884766,166.89083862304688,254.4813842773437,314.92205810546875,36.20414352416992,10.190629959106444,60.4807014465332,13.9085054397583,119.97,35.88,胶南
37.0,0.0002316193101224,0.6059267520904541,15.50071144104004,0.7948545217514038,12.874874114990234,41.032814025878906,44.53410720825195,135.6907501220703,186.0067138671875,91.49588012695312,13.89364242553711,52.698974609375,8.211763381958008,1.113433599472046,0.6945721507072449,7.96055793762207,45.40507507324219,4.418369293212891,41.81147003173828,193.33914184570312,141.72744750976562,49.89738464355469,16.0888729095459,28.861690521240234,22.99445343017578,7.588324546813965,12.694270133972168,6.88148832321167,14.99408721923828,56.09709930419922,43.18545150756836,276.00262451171875,78.21875762939453,20.32374763488769,12.185990333557127,25.42473793029785,0.903865396976471,0.3098659515380859,14.105875015258787,1.2169275283813477,30.39466857910156,39.00601959228516,63.78606033325195,137.20208740234375,86.115234375,73.90254211425781,21.114341735839844,23.30430793762207,1.0819272994995115,4.2011566162109375,10.09662914276123,4.515515327453613,57.30275344848633,37.41440200805664,58.79351425170898,80.09562683105469,130.7051544189453,54.61277770996094,20.09743309020996,64.19651794433594,2.5286688804626465,3.479571580886841,21.59488296508789,0.7981330752372742,14.603784561157228,39.894798278808594,94.3091812133789,184.00506591796875,199.48074340820312,19.80238914489746,68.92398071289062,16.880537033081055,14.154075622558594,9.806256294250488,6.293945789337158,16.107877731323242,17.408559799194336,35.882659912109375,69.58946228027344,165.49746704101562,158.3910369873047,21.112276077270508,43.90349960327149,0.7991008162498474,0.8945461511611938,3.592432975769043,0.7911683320999146,15.098105430603027,48.18609619140625,47.89632415771485,110.69408416748048,180.16607666015625,174.8719482421875,35.41946792602539,13.971620559692385,17.90108299255371,10.89118194580078,1.4969266653060913,4.892449378967285,5.512086391448975,34.102779388427734,26.797971725463867,25.20219039916992,117.20780181884766,209.1157989501953,30.31791114807129,27.88946533203125,29.28923797607422,16.42338752746582,19.79781723022461,29.86805534362793,6.50361967086792,22.69831275939941,49.68919372558594,79.89141845703125,153.58212280273438,222.9228515625,32.5042724609375,8.790103912353516,39.97994995117188,7.008163928985596,117.66,37.18,高青
1.0,0.0002320488684276,0.0062892930582165,14.900630950927734,1.2944447994232178,10.97508716583252,46.63265228271485,46.43433380126953,146.2906951904297,232.0067749023437,108.49632263183594,14.19346046447754,63.09892272949219,11.911746978759766,1.8131529092788696,0.5943375825881958,11.760382652282717,42.7049446105957,5.318339347839356,48.51169204711914,209.83901977539065,148.82794189453125,54.39725875854492,11.38864040374756,27.66186714172364,25.894161224365234,8.388419151306152,12.594736099243164,4.581387042999268,15.193799018859863,67.79695892333984,55.98536682128906,323.5028686523437,90.01886749267578,18.523771286010746,9.985926628112791,28.22476577758789,0.5038236379623413,0.3101877868175506,15.205702781677246,2.116516590118408,32.89462661743164,43.40604782104492,71.78575134277344,136.50204467773438,113.91531372070312,84.00259399414062,26.114463806152344,27.40428733825684,1.0820629596710205,4.001349925994873,8.096867561340332,7.2154541015625,57.10296630859375,44.41389083862305,83.19384002685547,81.2956314086914,163.9052276611328,61.51285552978516,21.797475814819336,71.19670104980469,2.428656578063965,4.279886245727539,21.29561424255371,1.0978307723999023,15.103602409362791,45.29476165771485,114.40869140625,179.80531311035156,234.7808074951172,19.90256690979004,78.82418823242188,18.58086204528809,18.95376968383789,12.506773948669434,6.893904685974121,19.907575607299805,18.208194732666016,40.38261795043945,80.0898208618164,188.7970428466797,167.6908721923828,31.21236038208008,46.80381393432617,0.8997084498405457,0.9943087697029114,4.792592525482178,1.0910295248031616,20.59825897216797,45.786128997802734,57.19632339477539,130.89407348632812,186.1660614013672,227.6721343994141,44.01961135864258,13.071413040161133,24.20073699951172,13.791046142578123,2.697041749954224,5.092774391174316,7.612125396728516,32.80292510986328,25.09794044494629,36.70236587524414,133.4078826904297,253.915267944336,26.3183822631836,31.08973693847656,25.189489364624023,19.02348899841309,25.29801368713379,28.46780776977539,8.503260612487793,22.09844970703125,52.48891830444336,119.69172668457033,178.28285217285156,244.2232360839844,29.104360580444336,8.990087509155273,41.07951736450195,8.508378028869629,117.0,36.65,济南
27.0,0.0002320620091691,0.1061990708112716,11.90064811706543,0.8943873643875122,10.675163269042969,40.43257522583008,48.0345344543457,138.89060974121094,195.7067413330078,89.99627685546875,14.69332504272461,45.89903259277344,4.311802864074707,1.512964129447937,0.2941726148128509,10.660442352294922,51.40517807006836,8.318191528320312,61.91167831420898,217.2391662597656,117.1278305053711,61.09732437133789,8.888581275939941,24.0617733001709,14.094039916992188,7.788362503051758,9.5946683883667,2.581479787826538,17.393983840942383,48.39702987670898,76.78539276123047,297.9028625488281,98.71875762939452,33.12388610839844,10.285951614379885,15.324644088745115,0.3038372993469238,0.1100711151957511,12.505661010742188,3.116362810134888,27.094539642333984,36.50608825683594,72.28550720214844,112.70206451416016,93.71538543701172,85.90260314941406,16.61440086364746,17.40430450439453,0.4822252094745636,4.301479339599609,8.896782875061035,5.615472793579102,53.00303268432617,43.91383361816406,59.09395217895508,90.6955337524414,163.30503845214844,60.71283721923828,19.79738998413086,58.396671295166016,1.6285752058029177,3.5797879695892334,16.59564208984375,0.8977842330932617,16.203510284423828,41.39482879638672,103.40861511230467,253.105209350586,218.8807830810547,22.70248794555664,75.72428131103516,17.180816650390625,9.35380744934082,4.6067728996276855,5.993903636932373,18.00774383544922,18.30814552307129,38.38255310058594,77.48979949951172,158.2970733642578,163.5909423828125,13.01231288909912,40.50381851196289,0.4998353719711303,1.0942590236663818,3.092451333999634,0.5910682082176208,11.998311042785645,46.68605422973633,42.39628601074219,95.6938934326172,208.5660400390625,185.6719665527344,34.919471740722656,10.67137622833252,14.600640296936035,4.990916728973389,1.09710693359375,3.392686367034912,2.7121059894561768,36.402870178222656,25.997947692871094,25.602602005004883,113.70779418945312,218.2153167724609,45.41849899291992,33.6898193359375,26.789596557617188,11.62348747253418,17.798017501831055,22.06796264648437,8.903279304504395,22.298397064208984,43.989105224609375,71.59175872802734,122.98274993896484,215.12335205078125,36.90449905395508,8.890084266662598,33.87971115112305,4.5082550048828125,116.44,37.16,平原
68.0,0.0002312840615634,0.1056716665625572,27.10067367553711,5.195089817047119,12.975010871887209,64.5328598022461,70.7337875366211,192.09078979492188,265.2068176269531,118.19541931152344,15.193463325500488,73.6987075805664,26.611713409423828,2.013873338699341,3.494442939758301,30.660274505615234,50.004539489746094,5.018133640289307,48.511077880859375,266.4395751953125,167.12701416015625,87.49742889404297,11.288972854614258,42.261260986328125,44.49494552612305,10.38919734954834,16.493877410888672,13.681798934936523,15.594236373901367,145.6968231201172,43.38604736328125,304.10260009765625,90.11871337890624,60.02397918701172,6.1852874755859375,42.42472839355469,0.7042228579521179,2.2091424465179443,25.50526237487793,8.317119598388672,49.69382095336914,61.30552673339844,83.98613739013672,194.30291748046875,152.1150360107422,111.20342254638672,40.014259338378906,36.70432662963867,2.881957769393921,6.20128345489502,11.796219825744627,18.31581687927246,68.60201263427734,59.41465377807617,129.69338989257812,118.69573211669922,183.50523376464844,83.11253356933594,30.99775505065918,78.2968521118164,5.028146743774414,7.879341125488281,29.594655990600582,5.097734451293945,29.10363006591797,65.89469146728516,133.40956115722656,198.5047912597656,205.08087158203125,39.80230331420898,93.62379455566406,21.38060188293457,35.45375061035156,28.00620651245117,13.693882942199709,25.808334350585938,27.30837059020996,48.48286056518555,100.28905487060548,254.69776916503903,182.591552734375,72.71248626708984,56.30298614501953,3.599005937576294,2.094143867492676,10.392611503601074,4.691621780395508,39.19819641113281,49.88535690307617,81.59612274169922,144.89471435546875,223.16598510742188,280.671630859375,70.5186767578125,15.472068786621094,34.701744079589844,27.69117546081543,8.89650821685791,10.592422485351562,19.81255531311035,41.50294494628906,29.097766876220703,66.10199737548828,176.80783081054688,258.8168029785156,25.21819877624512,32.38935852050781,20.089111328125,27.12324523925781,45.19824981689453,39.768531799316406,16.703065872192383,27.897693634033203,71.08941650390625,199.99127197265625,284.5813903808594,252.4219665527344,34.40439224243164,14.890928268432615,44.38066101074219,13.608442306518556,118.35,35.05,临沂
88.0,0.0002329080909038,0.006342738866806,18.300825119018555,2.893824577331543,10.475274085998535,52.132606506347656,45.535003662109375,114.69051361083984,196.70689392089844,110.39656066894533,19.992998123168945,69.59911346435547,11.111666679382324,3.112579107284546,1.0939902067184448,22.860185623168945,41.50495910644531,8.31811237335205,41.51177215576172,199.6394500732422,122.3281478881836,55.297245025634766,10.388285636901855,22.66173553466797,27.69388008117676,8.388744354248047,12.495226860046388,5.481357574462891,14.293715476989746,91.99664306640624,46.985477447509766,254.6031646728516,101.71893310546876,27.12398338317871,9.285682678222656,26.124656677246094,0.3039463460445404,0.6101890206336975,18.005550384521484,5.115900039672852,35.89425277709961,44.20609664916992,63.68540954589844,95.602294921875,119.01521301269533,111.90308380126952,26.21426773071289,27.6042537689209,1.482247233390808,6.501782417297363,6.396989822387695,13.715733528137209,57.80315017700195,58.51337814331055,109.39419555664062,89.29547882080078,183.8050842285156,58.51294708251953,25.99772071838379,70.29701232910156,2.0283849239349365,6.380061149597168,20.69624137878418,1.897369265556336,18.803491592407227,52.794769287109375,125.90821075439452,194.5055694580078,202.78097534179688,24.10272789001465,81.52445220947266,22.780874252319336,25.7536678314209,14.707189559936523,7.893672943115234,24.00775146484375,21.10761070251465,44.98262786865234,74.9898910522461,166.89688110351562,150.49105834960938,43.51237869262695,49.40416717529297,1.9002231359481807,1.3942047357559204,9.392623901367188,2.6909608840942383,24.29846954345703,41.18587493896485,68.29634857177734,108.29393768310548,156.8660888671875,249.7722625732422,53.41948318481445,9.571216583251951,28.800682067871094,17.990903854370117,6.597162246704102,5.79287576675415,8.612112045288086,29.00311279296875,13.39805507659912,55.50257110595703,133.80784606933594,270.2152709960937,25.21907615661621,38.49003219604492,16.589929580688477,25.823850631713867,36.9984016418457,26.567890167236328,12.60300350189209,21.698524475097656,42.98917388916016,152.4918975830078,166.1831512451172,171.3236541748047,27.604412078857425,14.290175437927246,36.77958297729492,11.408278465270996,116.3,35.91,东平
